waypoint_id,waypoint_number,reprojection_mean_px,reprojection_rms_px,reprojection_max_px,pnp_reprojection_px,translation_residual_mm,rotation_residual_deg,tags_detected,corners_detected,visible_fraction,border_margin_px,clipped_fraction,sharpness,board_distance_m,board_tilt_deg,translation_diversity_mm,rotation_diversity_deg,joint_diversity_deg,normalized_reprojection,normalized_translation,normalized_rotation,combined_score,outlier,selected,rejection_reason
waypoint_001,1,0.49404,0.56069,1.31685,0.40087,3.47978,1.47172,24,96,1.0,215.099,0.0,1524.55,0.9979,17.74308,37.75143,23.55712,23.55712,0.21516,0.55789,0.88908,0.46932,0,0,redundant pose: too close to a selected waypoint
waypoint_002,2,0.83698,0.88473,1.78219,0.28991,1.20565,0.42831,24,96,1.0,94.809,0.0,1002.09,0.94142,33.67218,56.32613,26.00291,27.89216,0.57485,0.14673,0.19427,0.37268,0,1,
waypoint_003,3,0.31765,0.36686,0.7281,0.21797,2.12187,1.22893,24,96,1.0,215.707,0.0,1315.56,1.07586,21.58619,0.01679,15.51297,15.51484,0.0,0.31238,0.7274,0.25995,0,1,
waypoint_004,4,0.43492,0.50928,1.16812,0.25336,0.98584,0.64515,24,96,1.0,216.448,0.0,1689.18,1.04812,34.31582,0.03326,15.51297,15.51484,0.15809,0.10699,0.33866,0.19046,0,1,
waypoint_005,5,0.42786,0.4744,0.94988,0.20984,5.92506,1.63829,24,96,1.0,216.687,0.0,1079.69,1.1263,12.80545,0.01679,18.81268,21.86524,0.11937,1.0,1.0,0.55968,0,0,redundant pose: too close to a selected waypoint
waypoint_006,6,0.36122,0.3824,0.61369,0.16626,3.23339,0.8698,24,96,1.0,187.993,0.0,1039.11,1.00254,3.7651,0.05085,27.57784,27.88927,0.01725,0.51335,0.48826,0.25902,0,1,
waypoint_007,7,0.37563,0.41005,0.92807,0.21002,1.19328,0.27617,24,96,1.0,187.496,0.0,913.74,1.07202,34.61289,0.05085,22.41317,22.3648,0.04794,0.1445,0.09295,0.08333,0,1,
waypoint_008,8,0.6521,0.6996,1.08876,0.32057,0.71405,0.13659,24,96,1.0,138.165,0.0,877.63,0.93354,44.73121,0.02131,13.53294,22.3666,0.36936,0.05785,0.0,0.19914,0,1,
waypoint_009,9,0.49304,0.52451,0.97555,0.24525,0.51871,0.28291,24,96,1.0,163.659,0.0,970.69,0.8931,27.5705,0.02131,21.36551,23.14836,0.17499,0.02253,0.09744,0.11749,0,1,
waypoint_010,10,0.92303,0.93866,1.33836,0.23171,1.08567,0.21862,24,96,1.0,26.036,0.0,620.88,1.175,7.88376,107.12097,19.05123,22.16281,0.63472,0.12504,0.05463,0.36228,0,1,
waypoint_011,11,0.56306,0.60048,1.27743,0.25956,0.71532,0.22883,24,96,1.0,193.01,0.0,855.17,1.01011,22.74951,56.81261,22.76767,19.91595,0.25932,0.05808,0.06142,0.15954,0,1,
waypoint_012,12,0.39682,0.46004,1.21229,0.24593,0.42695,0.49873,24,96,1.0,143.244,0.0,1076.33,0.9201,29.39704,45.16082,2.55822,5.82147,0.10343,0.00594,0.24116,0.11349,0,1,
waypoint_013,13,0.38249,0.42173,0.93562,0.18962,0.39407,0.47688,24,96,1.0,138.605,0.0,925.11,1.00452,17.53334,29.31207,18.81268,15.72213,0.06091,0.0,0.22661,0.08711,0,1,
waypoint_014,14,0.47897,0.52116,1.06069,0.24319,1.72988,0.39135,24,96,1.0,138.067,0.0,790.6,0.94378,33.31094,34.82129,13.53294,22.3648,0.17128,0.24151,0.16965,0.18843,0,1,
waypoint_015,15,0.35882,0.45407,1.24395,0.2459,2.09885,0.45668,24,96,1.0,237.787,0.0,898.67,1.14665,21.788,37.75143,22.18638,15.72213,0.0968,0.30822,0.21316,0.17875,0,1,
waypoint_016,16,0.48636,0.5429,1.25223,0.26174,0.42018,0.42965,24,96,1.0,70.292,0.0,994.57,0.89075,30.69528,0.01708,2.55822,5.82147,0.19541,0.00472,0.19515,0.14767,0,1,
waypoint_017,17,0.35879,0.40259,1.01285,0.28505,1.21608,0.51427,24,96,1.0,70.261,0.0,1307.92,0.78463,44.81977,0.01708,25.56442,24.43254,0.03966,0.14862,0.2515,0.11986,0,1,
waypoint_018,18,0.46803,0.51694,0.98851,0.24279,0.96268,0.35131,24,96,1.0,185.991,0.0,1340.51,0.96024,39.98731,29.31207,8.74314,7.17278,0.16659,0.1028,0.14299,0.14474,0,1,
waypoint_019,19,0.53759,0.58852,1.14696,0.31874,0.72641,0.18589,24,96,1.0,56.318,0.0,1498.73,0.88725,39.47177,14.26693,12.05079,7.17278,0.24605,0.06009,0.03283,0.14625,0,1,
waypoint_020,20,0.40364,0.43806,0.99666,0.19307,2.78996,0.33411,24,96,1.0,82.502,0.0,868.63,0.98544,6.76978,14.26693,10.18834,21.589,0.07903,0.43317,0.13153,0.18069,0,1,
waypoint_021,21,1.32545,1.42829,2.50674,0.36088,2.92247,0.56193,24,96,1.0,127.129,0.0,761.16,0.6093,31.61246,93.44026,27.96215,42.26129,0.0,0.0,0.0,,1,0,reprojection RMS 1.43 px is 3.5 MAD above the set median (0.56 px)
waypoint_022,22,0.53791,0.56262,1.08837,0.25543,1.27024,0.55597,24,96,1.0,121.625,0.0,904.86,0.86683,22.75583,121.88363,12.7482,24.37566,0.2173,0.15841,0.27927,0.21807,0,1,
waypoint_023,23,1.11182,1.13228,1.85928,0.28178,3.08413,0.52939,24,96,1.0,40.313,0.0,674.12,0.70541,14.02087,93.44026,10.18834,19.64022,0.84965,0.48636,0.26157,0.61181,0,0,redundant pose: too close to a selected waypoint
waypoint_024,24,1.49799,1.52902,2.05631,0.28558,1.55169,0.93318,24,96,1.0,34.868,0.0,670.56,0.80794,16.13766,162.73696,19.05123,19.64022,0.0,0.0,0.0,,1,0,reprojection RMS 1.53 px is 3.5 MAD above the set median (0.56 px)
waypoint_025,25,2.34314,2.3979,4.11771,0.35099,2.2936,0.22139,24,96,1.0,111.387,0.0,818.2,0.78962,42.76774,90.26796,38.39346,40.74842,0.0,0.0,0.0,,1,0,reprojection RMS 2.40 px is 3.5 MAD above the set median (0.56 px)
waypoint_026,26,2.28018,2.29812,3.14237,0.35617,4.51197,0.50054,24,96,1.0,193.26,0.0,891.75,0.64782,31.43236,90.26796,27.80361,24.37566,0.0,0.0,0.0,,1,0,reprojection RMS 2.30 px is 3.5 MAD above the set median (0.56 px)
waypoint_027,27,0.63724,0.68849,1.36214,0.3473,2.00603,0.48451,24,96,1.0,76.773,0.0,964.22,0.75373,32.48912,95.6019,8.74314,24.37492,0.35702,0.29144,0.23169,0.30929,0,1,
waypoint_028,28,0.96201,1.01307,1.6475,0.3433,1.9258,0.33564,24,96,1.0,55.159,0.0,1143.01,0.79101,47.03796,0.01844,24.25708,24.37495,0.71731,0.27694,0.13255,0.46103,0,0,redundant pose: too close to a selected waypoint
waypoint_029,29,1.21799,1.26773,2.04259,0.28156,2.29109,0.59624,24,96,1.0,106.437,0.0,919.58,0.86272,31.72414,0.01578,19.75295,19.75446,1.0,0.34298,0.30609,0.66227,0,0,redundant pose: too close to a selected waypoint
waypoint_030,30,1.50136,1.57553,2.50336,0.32976,1.62161,0.57776,24,96,1.0,135.104,0.0,1024.58,0.88918,40.32579,0.01578,19.75295,19.75446,0.0,0.0,0.0,,1,0,reprojection RMS 1.58 px is 3.5 MAD above the set median (0.56 px)
